{"cameraMode":{"drawMode":0,"name":"Shaded","section":"Shading Mode"},"sceneLighting":true,"audioPlay":false,"sceneViewState":{"m_AlwaysRefresh":false,"showFog":true,"showSkybox":true,"showFlares":true,"showImageEffects":true,"showParticleSystems":true,"showVisualEffectGraphs":true,"m_FxEnabled":true},"in2DMode":false,"pivot":{"x":5.9199137687683109,"y":3.0831899642944338,"z":3.220665454864502},"rotation":{"x":-0.03810436278581619,"y":-0.0015935617266222835,"z":-0.00004913966040476225,"w":-0.9993818998336792},"size":12.310867309570313,"orthographic":false}